{"cameraMode":{"drawMode":0,"name":"Shaded","section":"Shading Mode"},"sceneLighting":true,"audioPlay":false,"sceneViewState":{"showFog":true,"showMaterialUpdate":false,"showSkybox":true,"showFlares":true,"showImageEffects":true,"showParticleSystems":true},"in2DMode":false,"pivot":{"x":-66.56787872314453,"y":14.25039291381836,"z":25.27547264099121},"rotation":{"x":-0.022821862250566484,"y":-0.886185884475708,"z":-0.043902330100536349,"w":0.46068039536476138},"size":116.02835083007813,"orthographic":false}