{"cameraMode":{"drawMode":0,"name":"Shaded","section":"Shading Mode"},"sceneLighting":true,"audioPlay":false,"sceneViewState":{"showFog":true,"showMaterialUpdate":false,"showSkybox":true,"showFlares":true,"showImageEffects":true,"showParticleSystems":true},"in2DMode":false,"pivot":{"x":-19.44408416748047,"y":-26.42464256286621,"z":-3.5332183837890627},"rotation":{"x":0.343533992767334,"y":-0.445356547832489,"z":0.19013457000255586,"w":0.8046694397926331},"size":76.55547332763672,"orthographic":false}