{"cameraMode":{"drawMode":0,"name":"Shaded","section":"Shading Mode"},"sceneLighting":true,"audioPlay":false,"sceneViewState":{"showFog":true,"showMaterialUpdate":false,"showSkybox":true,"showFlares":true,"showImageEffects":true,"showParticleSystems":true},"in2DMode":false,"pivot":{"x":2.130156993865967,"y":23.673784255981447,"z":-31.35968017578125},"rotation":{"x":0.04114772751927376,"y":-0.9389674067497253,"z":0.31941506266593935,"w":0.12095467001199722},"size":65.38341522216797,"orthographic":false}