{"cameraMode":{"drawMode":0,"name":"Shaded","section":"Shading Mode"},"sceneLighting":true,"audioPlay":false,"sceneViewState":{"showFog":true,"showMaterialUpdate":false,"showSkybox":true,"showFlares":true,"showImageEffects":true,"showParticleSystems":true},"in2DMode":false,"pivot":{"x":64.71632385253906,"y":-427.3677673339844,"z":-41.76280212402344},"rotation":{"x":0.08440316468477249,"y":0.8167164325714111,"z":-0.5573205947875977,"w":0.12369180470705033},"size":542.7532958984375,"orthographic":false}