{"cameraMode":{"drawMode":0,"name":"Shaded","section":"Shading Mode"},"sceneLighting":false,"audioPlay":false,"sceneViewState":{"showFog":true,"showMaterialUpdate":false,"showSkybox":false,"showFlares":true,"showImageEffects":true,"showParticleSystems":true},"in2DMode":false,"pivot":{"x":13.396000862121582,"y":-14.915802001953125,"z":42.94823455810547},"rotation":{"x":0.013936866074800492,"y":-0.9713228344917297,"z":0.2299957126379013,"w":0.0592573918402195},"size":2.8578836917877199,"orthographic":true}