{"cameraMode":{"drawMode":0,"name":"Shaded","section":"Shading Mode"},"sceneLighting":true,"audioPlay":false,"sceneViewState":{"showFog":true,"showMaterialUpdate":false,"showSkybox":true,"showFlares":true,"showImageEffects":true,"showParticleSystems":true},"in2DMode":false,"pivot":{"x":-5.998356819152832,"y":15.851348876953125,"z":-26.50292205810547},"rotation":{"x":0.29872310161590578,"y":-0.6686597466468811,"z":0.3380416929721832,"w":0.5911533236503601},"size":43.84309005737305,"orthographic":true}