{"cameraMode":{"drawMode":0,"name":"Shaded","section":"Shading Mode"},"sceneLighting":true,"audioPlay":false,"sceneViewState":{"showFog":true,"showMaterialUpdate":false,"showSkybox":true,"showFlares":true,"showImageEffects":true,"showParticleSystems":true},"in2DMode":false,"pivot":{"x":-38.09640884399414,"y":-221.83621215820313,"z":-371.7286376953125},"rotation":{"x":-0.01280099619179964,"y":0.9621914625167847,"z":-0.2681710422039032,"w":-0.04593020677566528},"size":650.3125610351563,"orthographic":false}