{"cameraMode":{"drawMode":0,"name":"Shaded","section":"Shading Mode"},"sceneLighting":true,"audioPlay":false,"sceneViewState":{"showFog":true,"showMaterialUpdate":false,"showSkybox":true,"showFlares":true,"showImageEffects":true,"showParticleSystems":true},"in2DMode":false,"pivot":{"x":-20.332754135131837,"y":15.189432144165039,"z":-18.778175354003908},"rotation":{"x":0.0025649999734014274,"y":-0.9032936096191406,"z":0.005423469934612513,"w":0.42900949716567995},"size":41.767086029052737,"orthographic":false}