{"cameraMode":{"drawMode":0,"name":"Shaded","section":"Shading Mode"},"sceneLighting":true,"audioPlay":false,"sceneViewState":{"showFog":true,"showMaterialUpdate":false,"showSkybox":true,"showFlares":true,"showImageEffects":true,"showParticleSystems":true},"in2DMode":false,"pivot":{"x":-12.797992706298829,"y":-5.090001106262207,"z":47.052947998046878},"rotation":{"x":-0.06907331943511963,"y":0.916599690914154,"z":-0.18103709816932679,"w":-0.34971827268600466},"size":62.387779235839847,"orthographic":false}