{"cameraMode":{"drawMode":0,"name":"Shaded","section":"Shading Mode"},"sceneLighting":true,"audioPlay":false,"sceneViewState":{"showFog":true,"showMaterialUpdate":false,"showSkybox":true,"showFlares":true,"showImageEffects":true,"showParticleSystems":true},"in2DMode":false,"pivot":{"x":-15.666377067565918,"y":8.540733337402344,"z":-46.100860595703128},"rotation":{"x":0.15528640151023866,"y":-0.8384637236595154,"z":0.3092953562736511,"w":0.4209595322608948},"size":32.91313171386719,"orthographic":true}