{"cameraMode":{"drawMode":0,"name":"Shaded","section":"Shading Mode"},"sceneLighting":true,"audioPlay":false,"sceneViewState":{"showFog":true,"showMaterialUpdate":false,"showSkybox":true,"showFlares":true,"showImageEffects":true,"showParticleSystems":true},"in2DMode":false,"pivot":{"x":-6.924280166625977,"y":16.199764251708986,"z":92.82466125488281},"rotation":{"x":0.0033929203636944296,"y":-0.9953522086143494,"z":0.08831948786973953,"w":0.03823842108249664},"size":30.998188018798829,"orthographic":false}