{"cameraMode":{"drawMode":0,"name":"Shaded","section":"Shading Mode"},"sceneLighting":true,"audioPlay":false,"sceneViewState":{"showFog":true,"showMaterialUpdate":false,"showSkybox":true,"showFlares":true,"showImageEffects":true,"showParticleSystems":true},"in2DMode":false,"pivot":{"x":-115.16511535644531,"y":-7.581154823303223,"z":-65.74281311035156},"rotation":{"x":0.00947248749434948,"y":-0.9357837438583374,"z":0.02528136782348156,"w":0.3515898287296295},"size":202.82443237304688,"orthographic":false}