{"cameraMode":{"drawMode":0,"name":"Shaded","section":"Shading Mode"},"sceneLighting":true,"audioPlay":false,"sceneViewState":{"showFog":false,"showMaterialUpdate":false,"showSkybox":false,"showFlares":false,"showImageEffects":false,"showParticleSystems":false},"in2DMode":false,"pivot":{"x":-8.869287490844727,"y":-39.996761322021487,"z":-14.923370361328125},"rotation":{"x":-0.03785824775695801,"y":0.9527806043624878,"z":-0.2701720595359802,"w":-0.13348859548568726},"size":140.84951782226563,"orthographic":false}