{"cameraMode":{"drawMode":0,"name":"Shaded","section":"Shading Mode"},"sceneLighting":true,"audioPlay":false,"sceneViewState":{"showFog":false,"showMaterialUpdate":false,"showSkybox":false,"showFlares":false,"showImageEffects":false,"showParticleSystems":false},"in2DMode":false,"pivot":{"x":7.222288131713867,"y":-16.573381423950197,"z":13.56106185913086},"rotation":{"x":0.011472768150269986,"y":0.9482060670852661,"z":-0.315603643655777,"w":0.0344318188726902},"size":146.92462158203126,"orthographic":false}