{"cameraMode":{"drawMode":0,"name":"Shaded","section":"Shading Mode"},"sceneLighting":true,"audioPlay":false,"sceneViewState":{"showFog":false,"showMaterialUpdate":false,"showSkybox":false,"showFlares":false,"showImageEffects":false,"showParticleSystems":false},"in2DMode":false,"pivot":{"x":45.69676208496094,"y":-13.997562408447266,"z":5.180080413818359},"rotation":{"x":0.029616868123412133,"y":0.9197767972946167,"z":-0.38488078117370608,"w":0.07077906280755997},"size":102.1858139038086,"orthographic":false}