{"cameraMode":{"drawMode":0,"name":"Shaded","section":"Shading Mode"},"sceneLighting":true,"audioPlay":false,"sceneViewState":{"showFog":false,"showMaterialUpdate":false,"showSkybox":false,"showFlares":false,"showImageEffects":false,"showParticleSystems":false},"in2DMode":false,"pivot":{"x":105.19430541992188,"y":-39.80024337768555,"z":-23.946571350097658},"rotation":{"x":0.1467801332473755,"y":0.7853923439979553,"z":-0.2037286013364792,"w":0.5658109188079834},"size":158.63784790039063,"orthographic":false}