{"cameraMode":{"drawMode":0,"name":"Shaded","section":"Shading Mode"},"sceneLighting":true,"audioPlay":false,"sceneViewState":{"showFog":false,"showMaterialUpdate":false,"showSkybox":false,"showFlares":false,"showImageEffects":false,"showParticleSystems":false},"in2DMode":false,"pivot":{"x":-8.570802688598633,"y":11.73492431640625,"z":6.939456939697266},"rotation":{"x":-0.2951303720474243,"y":0.06499914824962616,"z":-0.02012871950864792,"w":-0.953031063079834},"size":52.9959602355957,"orthographic":false}