{"cameraMode":{"drawMode":0,"name":"Shaded","section":"Shading Mode"},"sceneLighting":true,"audioPlay":false,"sceneViewState":{"showFog":true,"showMaterialUpdate":false,"showSkybox":true,"showFlares":true,"showImageEffects":true,"showParticleSystems":true},"in2DMode":false,"pivot":{"x":-6.544160842895508,"y":0.500274658203125,"z":-12.698532104492188},"rotation":{"x":0.01080196350812912,"y":-0.98634934425354,"z":0.14787133038043977,"w":0.07205729186534882},"size":152.5421600341797,"orthographic":false}