{"cameraMode":{"drawMode":0,"name":"Shaded","section":"Shading Mode"},"sceneLighting":true,"audioPlay":false,"sceneViewState":{"showFog":true,"showMaterialUpdate":false,"showSkybox":true,"showFlares":true,"showImageEffects":true,"showParticleSystems":true},"in2DMode":false,"pivot":{"x":65.41651153564453,"y":-26.20834732055664,"z":-135.19668579101563},"rotation":{"x":0.03755882382392883,"y":0.9516628980636597,"z":-0.12956646084785462,"w":0.2760281562805176},"size":332.6454162597656,"orthographic":false}