{"cameraMode":{"drawMode":0,"name":"Shaded","section":"Shading Mode"},"sceneLighting":true,"audioPlay":false,"sceneViewState":{"showFog":true,"showMaterialUpdate":false,"showSkybox":true,"showFlares":true,"showImageEffects":true,"showParticleSystems":true},"in2DMode":false,"pivot":{"x":92.76728820800781,"y":-19.300342559814454,"z":-110.76032257080078},"rotation":{"x":0.05284896120429039,"y":0.8960784673690796,"z":-0.11106797307729721,"w":0.426575243473053},"size":130.7789306640625,"orthographic":false}