{"cameraMode":{"drawMode":0,"name":"Shaded","section":"Shading Mode"},"sceneLighting":false,"audioPlay":false,"sceneViewState":{"showFog":true,"showMaterialUpdate":false,"showSkybox":false,"showFlares":true,"showImageEffects":true,"showParticleSystems":true},"in2DMode":false,"pivot":{"x":14.899999618530274,"y":2.989999771118164,"z":77.91999816894531},"rotation":{"x":0.006872202735394239,"y":0.9880945086479187,"z":-0.14661790430545808,"w":0.046276140958070758},"size":11.820415496826172,"orthographic":false}